Id;Nivel;Ens;Grup;Tut;aval;nasig;nsusp;Q50;IQR
462;4;ESO;C;143;1;12;6;4.5;1.5500000000000007
462;4;ESO;C;143;2;12;9;3.0;3.650000000000002
462;4;ESO;C;143;3;13;2;5.0;1.0
67;1;BAC;C;213;1;10;10;3.0;1.1000000000000005
67;1;BAC;C;213;2;10;10;0.0;0.05000000000000071
67;1;BAC;C;213;3;10;10;0.0;0.05000000000000071
193;1;ESO;A;111;1;11;3;5.0;1.7999999999999998
193;1;ESO;A;111;2;11;3;5.0;0.7999999999999998
193;1;ESO;A;111;3;11;0;6.0;1.6000000000000005
179;1;ESO;A;111;1;11;1;6.0;1.0
179;1;ESO;A;111;2;11;3;6.0;1.7999999999999998
179;1;ESO;A;111;3;11;1;6.0;1.0
37;1;BAC;B;212;1;11;4;5.0;2.0
37;1;BAC;B;212;2;11;2;5.0;1.0
37;1;BAC;B;212;3;11;1;6.0;2.0
477;4;ESO;D;144;1;8;1;5.5;2.55
477;4;ESO;D;144;2;8;1;7.0;3.0
477;4;ESO;D;144;3;8;0;7.0;2.0
51;1;BAC;C;213;1;10;1;6.5;2.0
51;1;BAC;C;213;2;10;0;8.0;2.0500000000000007
51;1;BAC;C;213;3;10;0;7.5;2.0500000000000007
259;2;ESO;A;121;1;12;4;5.0;2.1000000000000005
259;2;ESO;A;121;2;12;2;5.0;2.0
259;2;ESO;A;121;3;12;3;5.0;1.5499999999999998
206;1;ESO;B;112;1;11;0;7.0;0.0
206;1;ESO;B;112;2;11;2;6.0;2.4000000000000012
206;1;ESO;B;112;3;11;0;6.0;1.0
472;4;ESO;C;143;1;12;0;7.0;2.5500000000000007
472;4;ESO;C;143;2;12;0;6.0;2.1000000000000005
472;4;ESO;C;143;3;12;0;7.0;1.5499999999999998
269;2;ESO;A;121;1;12;3;5.5;2.1000000000000005
269;2;ESO;A;121;2;12;4;5.0;1.5500000000000007
269;2;ESO;A;121;3;12;1;5.0;1.0
420;4;ESO;A;141;1;12;0;6.5;2.55
420;4;ESO;A;141;2;12;0;7.0;1.5499999999999998
420;4;ESO;A;141;3;12;0;7.0;2.55
285;2;ESO;B;122;1;11;5;5.0;1.7999999999999998
285;2;ESO;B;122;2;11;4;5.0;1.0
285;2;ESO;B;122;3;12;3;5.0;0.5499999999999998
230;1;ESO;C;113;1;11;0;9.0;1.7999999999999998
230;1;ESO;C;113;2;11;0;9.0;0.8000000000000007
230;1;ESO;C;113;3;11;0;9.0;1.0
190;1;ESO;A;111;1;11;1;6.0;1.7999999999999998
190;1;ESO;A;111;2;11;1;6.0;0.7999999999999998
190;1;ESO;A;111;3;11;0;6.0;0.7999999999999998
209;1;ESO;B;112;1;11;1;6.0;0.7999999999999998
209;1;ESO;B;112;2;11;0;5.0;1.0
209;1;ESO;B;112;3;11;1;5.0;1.0
202;1;ESO;B;112;1;11;2;7.0;0.7999999999999998
202;1;ESO;B;112;2;11;1;7.0;2.0
202;1;ESO;B;112;3;11;0;7.0;2.8000000000000007
332;3;ESO;A;131;1;13;5;5.0;2.3
332;3;ESO;A;131;2;13;4;5.0;2.0
332;3;ESO;A;131;3;13;4;5.0;2.3000000000000007
325;3;ESO;A;131;1;13;8;4.0;1.3000000000000007
325;3;ESO;A;131;2;13;5;5.0;1.0
325;3;ESO;A;131;3;13;5;5.0;2.3
427;4;ESO;A;141;1;12;0;7.0;1.5500000000000007
427;4;ESO;A;141;2;12;0;8.0;2.0
427;4;ESO;A;141;3;12;0;7.5;1.5500000000000007
41;1;BAC;B;212;1;10;1;7.5;1.1500000000000004
41;1;BAC;B;212;2;10;2;6.5;3.1000000000000005
41;1;BAC;B;212;3;10;1;7.5;3.0500000000000007
465;4;ESO;C;143;1;12;8;2.0;4.550000000000001
465;4;ESO;C;143;2;13;11;1.0;2.3000000000000007
465;4;ESO;C;143;3;18;16;1.0;2.0
438;4;ESO;B;142;1;12;3;5.0;2.1000000000000005
438;4;ESO;B;142;2;12;5;5.0;4.0
438;4;ESO;B;142;3;12;1;6.0;1.5500000000000007
300;2;ESO;C;123;1;12;1;5.0;0.5500000000000007
300;2;ESO;C;123;2;12;4;5.5;2.0
300;2;ESO;C;123;3;12;1;5.0;0.0
341;3;ESO;A;131;1;13;7;4.0;2.6000000000000005
341;3;ESO;A;131;2;13;9;4.0;2.0
341;3;ESO;A;131;3;13;5;5.0;2.0
425;4;ESO;A;141;1;12;2;6.0;1.0
425;4;ESO;A;141;2;7;2;6.0;3.3999999999999995
425;4;ESO;A;141;3;12;2;5.5;1.0
5;1;BAC;A;211;1;11;4;6.0;2.8000000000000007
5;1;BAC;A;211;2;11;4;5.0;2.6000000000000005
5;1;BAC;A;211;3;11;1;5.0;1.0
362;3;ESO;B;132;1;13;1;6.0;1.2999999999999998
362;3;ESO;B;132;2;13;2;7.0;2.3
362;3;ESO;B;132;3;13;0;7.0;2.3
363;3;ESO;A;131;1;13;7;4.0;2.3000000000000007
363;3;ESO;A;131;2;13;6;5.0;1.9000000000000004
363;3;ESO;A;131;3;13;3;5.0;1.2999999999999998
346;3;ESO;B;132;1;13;0;9.0;2.0
346;3;ESO;B;132;2;13;0;9.0;1.0
346;3;ESO;B;132;3;13;0;9.0;2.3
216;1;ESO;B;112;1;11;0;8.0;1.0
216;1;ESO;B;112;2;11;0;8.0;1.8000000000000007
216;1;ESO;B;112;3;11;0;8.0;1.8000000000000007
275;2;ESO;B;122;1;12;5;5.0;2.55
275;2;ESO;B;122;2;12;4;5.5;2.0
275;2;ESO;B;122;3;12;2;5.0;1.0
40;1;BAC;B;212;1;11;1;6.0;1.0
40;1;BAC;B;212;2;11;1;5.0;1.0
40;1;BAC;B;212;3;11;0;7.0;0.7999999999999998
25;1;BAC;A;211;1;11;4;6.0;2.0
25;1;BAC;A;211;2;11;5;5.0;2.0
25;1;BAC;A;211;3;11;4;5.0;3.6000000000000005
261;2;ESO;A;121;1;12;4;5.0;1.5500000000000007
261;2;ESO;A;121;2;12;5;5.0;2.0
261;2;ESO;A;121;3;12;2;5.0;1.1000000000000014
237;1;ESO;C;113;1;11;1;7.0;2.0
237;1;ESO;C;113;2;11;0;7.0;1.8000000000000007
237;1;ESO;C;113;3;11;0;8.0;2.0
376;3;ESO;B;132;1;13;5;5.0;2.0
376;3;ESO;B;132;2;13;4;5.0;1.3000000000000007
376;3;ESO;B;132;3;13;7;4.0;1.2999999999999998
331;3;ESO;A;131;1;13;6;5.0;2.0
331;3;ESO;A;131;2;13;4;6.0;2.3000000000000007
331;3;ESO;A;131;3;13;2;5.0;1.0
180;1;ESO;A;111;1;11;5;5.0;1.8000000000000007
180;1;ESO;A;111;2;11;4;5.0;3.8000000000000007
180;1;ESO;A;111;3;11;2;5.0;1.0
305;2;ESO;C;123;1;12;3;5.5;2.1000000000000005
305;2;ESO;C;123;2;12;2;5.0;1.5500000000000007
305;2;ESO;C;123;3;13;1;5.0;1.3000000000000007
263;2;ESO;A;121;1;12;1;6.0;3.0
263;2;ESO;A;121;2;12;2;6.0;2.5500000000000007
263;2;ESO;A;121;3;12;1;5.5;2.5500000000000007
345;3;ESO;A;131;1;13;1;6.0;2.0
345;3;ESO;A;131;2;13;0;7.0;1.0
345;3;ESO;A;131;3;13;0;7.0;2.3
49;1;BAC;B;212;1;11;0;6.0;1.7999999999999998
49;1;BAC;B;212;2;11;0;6.0;1.0
49;1;BAC;B;212;3;11;0;7.0;1.6000000000000005
387;3;ESO;C;133;1;13;7;4.0;2.0
387;3;ESO;C;133;2;13;4;5.0;1.3000000000000007
387;3;ESO;C;133;3;13;5;5.0;1.6000000000000005
365;3;ESO;B;132;1;13;1;6.0;2.0
365;3;ESO;B;132;2;13;1;6.0;3.0
365;3;ESO;B;132;3;13;0;6.0;1.3000000000000007
57;1;BAC;C;213;1;11;0;9.0;0.8000000000000007
57;1;BAC;C;213;2;11;0;9.0;1.0
57;1;BAC;C;213;3;11;0;9.0;1.0
313;3;ESO;A;131;1;13;4;5.0;1.6000000000000014
313;3;ESO;A;131;2;13;5;5.0;2.3000000000000007
313;3;ESO;A;131;3;14;2;5.0;0.05000000000000071
32;1;BAC;B;212;1;11;0;6.0;1.0
32;1;BAC;B;212;2;11;0;7.0;2.8000000000000007
32;1;BAC;B;212;3;11;0;7.0;1.7999999999999998
358;3;ESO;B;132;1;13;0;8.0;1.0
358;3;ESO;B;132;2;13;0;7.0;2.0
358;3;ESO;B;132;3;13;0;8.0;2.0
53;1;BAC;C;213;1;11;1;6.0;2.8000000000000007
53;1;BAC;C;213;2;10;2;6.0;2.1000000000000005
53;1;BAC;C;213;3;11;0;6.0;1.7999999999999998
450;4;ESO;B;142;1;12;5;5.0;3.1000000000000005
450;4;ESO;B;142;2;12;4;5.0;2.5500000000000007
450;4;ESO;B;142;3;13;2;6.0;2.0
48;1;BAC;B;212;1;11;3;6.0;2.6000000000000005
48;1;BAC;B;212;2;11;4;5.0;1.8000000000000007
48;1;BAC;B;212;3;11;2;5.0;1.0
474;4;ESO;C;143;1;12;6;4.5;1.5499999999999998
474;4;ESO;C;143;2;12;9;4.0;1.1000000000000005
474;4;ESO;C;143;3;13;3;5.0;1.2999999999999998
311;2;ESO;C;123;1;12;0;9.0;1.5500000000000007
311;2;ESO;C;123;2;12;0;9.0;1.1000000000000014
311;2;ESO;C;123;3;12;0;9.0;0.0
205;1;ESO;B;112;1;11;0;6.0;0.0
205;1;ESO;B;112;2;11;0;7.0;1.0
205;1;ESO;B;112;3;11;0;7.0;1.0
395;3;ESO;C;133;1;13;1;7.0;2.3000000000000007
395;3;ESO;C;133;2;13;0;7.0;1.3000000000000007
395;3;ESO;C;133;3;13;0;8.0;1.6000000000000005
282;2;ESO;B;122;1;12;0;7.0;1.0
282;2;ESO;B;122;2;12;0;7.0;1.0
282;2;ESO;B;122;3;12;0;8.0;1.0
464;4;ESO;C;143;1;12;2;5.0;1.5500000000000007
464;4;ESO;C;143;2;12;2;6.0;1.0
464;4;ESO;C;143;3;12;0;6.0;2.0
392;3;ESO;C;133;1;13;0;7.0;2.0
392;3;ESO;C;133;2;13;1;7.0;2.0
392;3;ESO;C;133;3;13;0;7.0;1.2999999999999998
227;1;ESO;C;113;1;11;4;5.0;2.8000000000000007
227;1;ESO;C;113;2;11;2;6.0;1.0
227;1;ESO;C;113;3;11;1;6.0;2.0
226;1;ESO;C;113;1;11;0;7.0;2.6000000000000005
226;1;ESO;C;113;2;11;1;7.0;1.6000000000000005
226;1;ESO;C;113;3;11;0;7.0;1.0
42;1;BAC;B;212;1;11;1;7.0;2.8
42;1;BAC;B;212;2;11;2;7.0;2.8
42;1;BAC;B;212;3;11;0;7.0;2.0
295;2;ESO;C;123;1;12;9;3.0;2.5500000000000007
295;2;ESO;C;123;2;12;10;3.0;2.0
295;2;ESO;C;123;3;13;10;4.0;2.3000000000000007
294;2;ESO;C;123;1;12;2;6.0;2.0
294;2;ESO;C;123;2;12;3;5.0;2.1000000000000005
294;2;ESO;C;123;3;12;2;6.5;2.1000000000000005
24;1;BAC;A;211;1;10;1;7.0;4.0
24;1;BAC;A;211;2;10;1;7.0;2.0500000000000007
24;1;BAC;A;211;3;10;1;7.5;2.1000000000000005
289;2;ESO;B;122;1;12;6;4.5;1.5499999999999998
289;2;ESO;B;122;2;12;7;4.0;2.5500000000000007
289;2;ESO;B;122;3;12;6;4.5;1.5499999999999998
487;1;BAC;B;212;1;11;2;6.0;1.0
487;1;BAC;B;212;2;11;2;6.0;2.8000000000000007
487;1;BAC;B;212;3;11;1;7.0;2.6000000000000014
435;4;ESO;B;142;1;12;0;7.5;1.5500000000000007
435;4;ESO;B;142;2;12;0;7.0;0.5500000000000007
435;4;ESO;B;142;3;12;0;7.5;1.0
272;2;ESO;A;121;1;12;2;5.5;1.5500000000000007
272;2;ESO;A;121;2;12;2;5.0;1.5500000000000007
272;2;ESO;A;121;3;12;2;5.0;1.5500000000000007
260;2;ESO;A;121;1;12;0;7.5;2.0
260;2;ESO;A;121;2;12;1;8.0;2.0
260;2;ESO;A;121;3;12;0;8.0;2.0
324;3;ESO;A;131;1;13;11;3.0;1.2999999999999998
324;3;ESO;A;131;2;13;8;4.0;2.0
324;3;ESO;A;131;3;14;8;4.0;2.0
309;2;ESO;C;123;1;12;1;5.0;1.0
309;2;ESO;C;123;2;12;6;4.5;2.0
309;2;ESO;C;123;3;12;1;6.0;1.0
366;3;ESO;B;132;1;13;3;6.0;2.3
366;3;ESO;B;132;2;13;3;5.0;1.2999999999999998
366;3;ESO;B;132;3;13;2;5.0;1.0
402;3;ESO;C;133;1;13;6;5.0;5.0
402;3;ESO;C;133;2;13;4;5.0;2.3000000000000007
402;3;ESO;C;133;3;13;2;6.0;2.0
274;2;ESO;B;122;1;12;7;4.0;4.1000000000000005
274;2;ESO;B;122;2;12;6;4.5;3.55
274;2;ESO;B;122;3;12;6;4.5;3.55
340;3;ESO;A;131;1;13;1;6.0;2.3000000000000007
340;3;ESO;A;131;2;13;0;6.0;1.3000000000000007
340;3;ESO;A;131;3;13;0;6.0;1.3000000000000007
280;2;ESO;B;122;1;12;5;5.0;2.55
280;2;ESO;B;122;2;12;6;4.5;2.0
280;2;ESO;B;122;3;12;3;5.5;1.5499999999999998
437;4;ESO;B;142;1;12;0;9.0;1.0
437;4;ESO;B;142;2;12;0;9.0;1.0
437;4;ESO;B;142;3;12;0;10.0;1.0
188;1;ESO;A;111;1;11;0;7.0;2.0
188;1;ESO;A;111;2;11;0;7.0;1.7999999999999998
188;1;ESO;A;111;3;11;0;8.0;1.0
338;3;ESO;D;134;1;9;4;6.0;2.3
338;3;ESO;D;134;2;14;2;5.0;0.05000000000000071
338;3;ESO;D;134;3;14;1;5.0;1.0500000000000007
181;1;ESO;A;111;1;11;0;7.0;1.0
181;1;ESO;A;111;2;11;0;8.0;1.7999999999999998
181;1;ESO;A;111;3;11;0;8.0;1.7999999999999998
312;3;ESO;A;131;1;13;3;5.0;1.9000000000000004
312;3;ESO;A;131;2;13;1;5.0;2.0
312;3;ESO;A;131;3;13;2;5.0;1.3000000000000007
468;4;ESO;C;143;1;12;0;6.5;1.0
468;4;ESO;C;143;2;12;1;5.0;2.0
468;4;ESO;C;143;3;12;0;6.0;1.5500000000000007
268;2;ESO;A;121;1;12;0;7.5;2.0
268;2;ESO;A;121;2;12;0;8.0;1.0
268;2;ESO;A;121;3;12;0;8.0;1.1000000000000005
23;1;BAC;A;211;1;11;4;5.0;3.0
23;1;BAC;A;211;2;11;3;5.0;1.7999999999999998
23;1;BAC;A;211;3;11;0;5.0;1.8000000000000007
47;1;BAC;B;212;1;11;1;6.0;2.0
47;1;BAC;B;212;2;11;3;6.0;2.6000000000000005
47;1;BAC;B;212;3;11;0;6.0;2.0
367;3;ESO;B;132;1;13;1;7.0;2.0
367;3;ESO;B;132;2;13;0;8.0;1.0
367;3;ESO;B;132;3;13;0;7.0;1.3000000000000007
207;1;ESO;B;112;1;11;4;5.0;2.0
207;1;ESO;B;112;2;11;5;5.0;2.6000000000000014
207;1;ESO;B;112;3;11;1;5.0;1.8000000000000007
52;1;BAC;C;213;1;11;0;8.0;2.0
52;1;BAC;C;213;2;10;0;9.0;1.0499999999999998
52;1;BAC;C;213;3;11;0;9.0;1.6000000000000014
490;1;ESO;C;113;1;11;10;1.0;1.0
490;1;ESO;C;113;2;5;5;1.0;0.0
490;1;ESO;C;113;3;6;6;1.0;0.0
360;3;ESO;B;132;1;13;0;7.0;1.0
360;3;ESO;B;132;2;13;0;7.0;1.6000000000000005
360;3;ESO;B;132;3;13;0;8.0;2.0
369;3;ESO;B;132;1;13;3;6.0;2.3
369;3;ESO;B;132;2;13;1;6.0;2.3
369;3;ESO;B;132;3;13;0;6.0;2.0
240;1;ESO;B;112;1;10;0;6.0;1.0
240;1;ESO;B;112;2;10;0;6.0;1.0
240;1;ESO;B;112;3;10;0;6.5;2.05
14;1;BAC;A;211;1;11;7;1.0;5.800000000000001
14;1;BAC;A;211;2;11;8;1.0;4.800000000000001
14;1;BAC;A;211;3;11;4;5.0;3.8
354;3;ESO;B;132;1;13;5;5.0;3.3
354;3;ESO;B;132;2;13;4;5.0;2.6000000000000005
354;3;ESO;B;132;3;15;5;5.0;2.0
403;3;ESO;C;133;1;13;0;8.0;1.0
403;3;ESO;C;133;2;13;0;9.0;1.0
403;3;ESO;C;133;3;13;0;9.0;0.0
253;2;ESO;A;121;1;12;1;7.0;2.0
253;2;ESO;A;121;2;12;0;7.0;2.5500000000000007
253;2;ESO;A;121;3;12;0;7.5;2.0
229;1;ESO;C;113;1;11;6;4.0;2.6000000000000005
229;1;ESO;C;113;2;11;9;3.0;1.0
229;1;ESO;C;113;3;11;6;4.0;1.7999999999999998
475;4;ESO;C;143;1;12;1;6.0;1.1000000000000005
475;4;ESO;C;143;2;12;1;6.0;1.5499999999999998
475;4;ESO;C;143;3;12;0;7.0;1.5500000000000007
391;3;ESO;C;133;1;13;0;8.0;2.3
391;3;ESO;C;133;2;13;0;7.0;2.0
391;3;ESO;C;133;3;13;0;7.0;2.0
463;4;ESO;C;143;1;12;3;5.0;1.5499999999999998
463;4;ESO;C;143;2;12;3;5.0;1.5499999999999998
463;4;ESO;C;143;3;13;1;6.0;1.0
364;3;ESO;B;132;1;13;3;6.0;2.3
364;3;ESO;B;132;2;13;1;6.0;0.6000000000000005
364;3;ESO;B;132;3;13;1;6.0;0.2999999999999998
410;4;ESO;A;141;1;12;7;3.0;2.55
410;4;ESO;A;141;2;12;8;4.0;3.5500000000000007
410;4;ESO;A;141;3;14;8;4.0;3.0500000000000007
39;1;BAC;B;212;1;11;0;7.0;1.7999999999999998
39;1;BAC;B;212;2;11;2;7.0;3.0
39;1;BAC;B;212;3;11;0;7.0;2.6000000000000005
29;1;BAC;A;211;1;11;5;5.0;2.8
29;1;BAC;A;211;2;11;6;3.0;2.8000000000000007
29;1;BAC;A;211;3;11;4;5.0;3.0
17;1;BAC;A;211;1;11;3;5.0;1.7999999999999998
17;1;BAC;A;211;2;11;4;5.0;2.6000000000000005
17;1;BAC;A;211;3;11;3;6.0;3.4000000000000004
318;3;ESO;A;131;1;13;4;6.0;3.3000000000000007
318;3;ESO;A;131;2;13;3;6.0;2.3
318;3;ESO;A;131;3;13;1;6.0;1.2999999999999998
233;1;ESO;C;113;1;11;2;6.0;1.8000000000000007
233;1;ESO;C;113;2;11;3;5.0;1.7999999999999998
233;1;ESO;C;113;3;11;1;6.0;1.0
175;1;ESO;A;111;1;11;4;5.0;2.0
175;1;ESO;A;111;2;11;8;4.0;1.6000000000000014
175;1;ESO;A;111;3;11;2;5.0;1.0
292;2;ESO;C;123;1;12;11;3.0;1.5500000000000007
292;2;ESO;C;123;2;12;11;2.5;2.0
292;2;ESO;C;123;3;14;10;3.0;3.0
270;2;ESO;A;121;1;12;3;6.0;2.55
270;2;ESO;A;121;2;12;1;6.0;2.0
270;2;ESO;A;121;3;12;0;6.0;2.0
467;4;ESO;C;143;1;12;0;6.0;2.1000000000000005
467;4;ESO;C;143;2;12;0;6.0;0.5500000000000007
467;4;ESO;C;143;3;12;0;7.0;2.0
6;1;BAC;A;211;1;10;0;6.0;2.1000000000000014
6;1;BAC;A;211;2;10;1;6.0;2.1000000000000014
6;1;BAC;A;211;3;10;0;6.0;3.0500000000000007
374;3;ESO;B;132;1;13;3;6.0;2.3
374;3;ESO;B;132;2;13;0;5.0;1.6000000000000014
374;3;ESO;B;132;3;13;0;6.0;1.3000000000000007
221;1;ESO;B;112;1;10;8;3.0;2.1000000000000005
221;1;ESO;B;112;2;10;7;4.0;2.0
221;1;ESO;B;112;3;10;5;4.0;2.0
214;1;ESO;B;112;1;11;1;6.0;2.0
214;1;ESO;B;112;2;11;2;5.0;2.6000000000000014
214;1;ESO;B;112;3;11;0;6.0;1.0
357;3;ESO;B;132;1;13;5;5.0;2.0
357;3;ESO;B;132;2;13;3;6.0;1.6000000000000005
357;3;ESO;B;132;3;13;1;5.0;1.0
307;2;ESO;C;123;1;12;3;5.0;1.5499999999999998
307;2;ESO;C;123;2;12;5;5.0;2.1000000000000005
307;2;ESO;C;123;3;12;1;5.5;1.0
239;1;ESO;C;113;1;11;1;7.0;1.0
239;1;ESO;C;113;2;11;1;7.0;0.0
239;1;ESO;C;113;3;11;0;7.0;0.8000000000000007
453;4;ESO;B;142;1;10;1;7.0;2.05
453;4;ESO;B;142;2;10;1;7.0;1.0999999999999996
453;4;ESO;B;142;3;10;0;7.5;1.0499999999999998
469;4;ESO;C;143;1;12;2;6.0;2.0
469;4;ESO;C;143;2;12;3;5.5;2.6500000000000012
469;4;ESO;C;143;3;12;0;6.0;1.5500000000000007
291;2;ESO;B;122;1;12;8;3.0;2.55
291;2;ESO;B;122;2;12;9;3.0;2.5500000000000007
291;2;ESO;B;122;3;12;9;2.5;2.5500000000000007
444;4;ESO;B;142;1;12;0;10.0;1.0
444;4;ESO;B;142;2;12;0;10.0;1.0
444;4;ESO;B;142;3;12;0;10.0;0.0
443;4;ESO;B;142;1;12;4;5.0;3.55
443;4;ESO;B;142;2;12;4;6.0;3.1000000000000014
443;4;ESO;B;142;3;13;2;6.0;2.0
281;2;ESO;B;122;1;12;0;8.0;1.0
281;2;ESO;B;122;2;12;0;8.0;1.0
281;2;ESO;B;122;3;12;0;8.0;1.0
350;3;ESO;B;132;1;13;3;6.0;2.3
350;3;ESO;B;132;2;13;2;6.0;2.0
350;3;ESO;B;132;3;13;0;6.0;2.0
449;4;ESO;B;142;1;12;5;5.0;3.1000000000000005
449;4;ESO;B;142;2;12;3;6.0;1.5499999999999998
449;4;ESO;B;142;3;12;0;6.0;1.5500000000000007
372;3;ESO;B;132;1;13;4;5.0;1.3000000000000007
372;3;ESO;B;132;2;13;2;5.0;1.3000000000000007
372;3;ESO;B;132;3;13;2;5.0;1.3000000000000007
27;1;BAC;A;211;1;10;1;6.5;4.0
27;1;BAC;A;211;2;10;0;6.5;4.050000000000001
27;1;BAC;A;211;3;10;0;7.0;4.0
16;1;BAC;A;211;1;11;0;8.0;2.4000000000000004
16;1;BAC;A;211;2;11;0;8.0;1.0
16;1;BAC;A;211;3;11;0;9.0;1.0
290;2;ESO;B;122;1;12;5;5.0;3.5500000000000007
290;2;ESO;B;122;2;12;8;4.0;1.5499999999999998
290;2;ESO;B;122;3;12;3;5.0;1.5499999999999998
234;1;ESO;C;113;1;11;0;7.0;1.0
234;1;ESO;C;113;2;11;0;9.0;1.0
234;1;ESO;C;113;3;11;0;8.0;1.8000000000000007
284;2;ESO;B;122;1;12;0;7.5;1.0
284;2;ESO;B;122;2;12;0;6.5;3.1000000000000005
284;2;ESO;B;122;3;12;0;7.0;1.5499999999999998
351;3;ESO;B;132;1;13;2;5.0;2.3000000000000007
351;3;ESO;B;132;2;13;5;5.0;2.6000000000000005
351;3;ESO;B;132;3;13;0;5.0;3.0
445;4;ESO;B;142;1;12;7;3.5;2.5500000000000007
445;4;ESO;B;142;2;12;9;3.0;2.1000000000000005
445;4;ESO;B;142;3;13;8;3.0;3.0
185;1;ESO;A;111;1;11;3;5.0;0.7999999999999998
185;1;ESO;A;111;2;11;6;4.0;1.7999999999999998
185;1;ESO;A;111;3;11;2;5.0;1.0
396;3;ESO;C;133;1;13;2;6.0;1.0
396;3;ESO;C;133;2;13;2;5.0;1.3000000000000007
396;3;ESO;C;133;3;13;0;5.0;1.3000000000000007
279;2;ESO;B;122;1;12;0;6.5;1.5500000000000007
279;2;ESO;B;122;2;12;2;6.0;2.1000000000000005
279;2;ESO;B;122;3;12;1;6.0;2.1000000000000005
3;1;BAC;A;211;1;10;1;6.0;2.0500000000000007
3;1;BAC;A;211;2;10;2;6.0;3.05
3;1;BAC;A;211;3;10;0;6.0;1.0500000000000007
320;3;ESO;A;131;1;13;0;7.0;1.2999999999999998
320;3;ESO;A;131;2;13;0;8.0;1.3000000000000007
320;3;ESO;A;131;3;13;0;8.0;2.0
286;2;ESO;B;122;1;12;0;7.0;1.5499999999999998
286;2;ESO;B;122;2;12;0;6.5;1.5500000000000007
286;2;ESO;B;122;3;12;0;7.0;1.5500000000000007
20;1;BAC;A;211;1;11;2;8.0;1.7999999999999998
20;1;BAC;A;211;2;11;0;8.0;1.0
20;1;BAC;A;211;3;11;0;8.0;1.7999999999999998
247;1;ESO;C;113;1;11;2;7.0;1.0
247;1;ESO;C;113;2;11;1;5.0;1.8000000000000007
247;1;ESO;C;113;3;11;0;6.0;0.8000000000000007
368;3;ESO;B;132;1;13;7;4.0;3.0
368;3;ESO;B;132;2;13;10;4.0;1.3000000000000007
368;3;ESO;B;132;3;13;5;5.0;1.0
339;3;ESO;A;131;1;13;6;5.0;2.3
339;3;ESO;A;131;2;13;4;5.0;2.0
339;3;ESO;A;131;3;13;6;5.0;2.0
169;1;ESO;A;111;1;11;9;3.0;1.0
169;1;ESO;A;111;2;11;7;4.0;2.0
169;1;ESO;A;111;3;11;4;5.0;1.0
456;4;ESO;B;142;1;12;0;7.0;2.5500000000000007
456;4;ESO;B;142;2;12;0;7.0;0.5500000000000007
456;4;ESO;B;142;3;12;0;7.5;1.5499999999999998
473;4;ESO;C;143;1;12;3;6.0;2.55
473;4;ESO;C;143;2;12;0;6.0;2.1000000000000014
473;4;ESO;C;143;3;12;0;6.0;1.5500000000000007
352;3;ESO;B;132;1;13;0;6.0;1.2999999999999998
352;3;ESO;B;132;2;13;0;6.0;1.6000000000000005
352;3;ESO;B;132;3;13;0;7.0;2.3
174;1;ESO;A;111;1;11;0;7.0;1.8000000000000007
174;1;ESO;A;111;2;11;0;7.0;0.0
174;1;ESO;A;111;3;11;0;8.0;1.0
440;4;ESO;B;142;1;12;0;9.0;1.0
440;4;ESO;B;142;2;12;0;9.0;0.5500000000000007
440;4;ESO;B;142;3;12;0;10.0;0.0
222;1;ESO;B;112;1;11;6;4.0;1.7999999999999998
222;1;ESO;B;112;2;11;0;6.0;1.8000000000000007
222;1;ESO;B;112;3;11;1;5.0;1.0
471;4;ESO;A;141;1;12;1;6.0;2.5500000000000007
471;4;ESO;A;141;2;12;2;6.0;1.5499999999999998
471;4;ESO;A;141;3;12;1;6.0;1.5500000000000007
482;4;ESO;D;144;1;8;0;7.0;3.0
482;4;ESO;D;144;2;8;0;7.0;2.0999999999999996
482;4;ESO;D;144;3;8;0;7.0;1.5499999999999998
61;1;BAC;C;213;1;10;4;5.0;2.2
61;1;BAC;C;213;2;10;4;6.0;4.2
61;1;BAC;C;213;3;10;0;6.0;2.0
236;1;ESO;C;113;1;11;9;4.0;1.7999999999999998
236;1;ESO;C;113;2;11;7;3.0;3.0
236;1;ESO;C;113;3;11;6;4.0;3.8
413;4;ESO;A;141;1;12;7;3.5;3.0
413;4;ESO;A;141;2;12;5;5.0;2.1000000000000014
413;4;ESO;A;141;3;12;5;5.5;4.100000000000001
254;2;ESO;A;121;1;12;0;8.0;1.5499999999999998
254;2;ESO;A;121;2;12;0;8.0;2.0
254;2;ESO;A;121;3;12;0;8.5;1.0
58;1;BAC;C;213;1;11;8;3.0;2.8000000000000007
58;1;BAC;C;213;2;10;10;0.0;0.05000000000000071
58;1;BAC;C;213;3;11;11;0.0;1.0
457;4;ESO;B;142;1;12;0;7.5;2.0
457;4;ESO;B;142;2;12;0;8.0;1.0
457;4;ESO;B;142;3;12;0;8.0;2.0
421;4;ESO;A;141;1;12;8;3.0;3.0
421;4;ESO;A;141;2;12;10;3.0;1.5499999999999998
421;4;ESO;A;141;3;14;9;3.0;2.05
442;4;ESO;B;142;1;12;9;2.0;2.6500000000000012
442;4;ESO;B;142;2;12;12;1.0;0.0
442;4;ESO;B;142;3;14;14;1.0;0.0
422;4;ESO;A;141;1;12;0;6.5;1.5500000000000007
422;4;ESO;A;141;2;12;0;7.5;1.0
422;4;ESO;A;141;3;12;0;8.0;1.0
430;4;ESO;A;141;1;12;6;4.5;3.0
430;4;ESO;A;141;2;12;3;6.0;2.1000000000000005
430;4;ESO;A;141;3;12;1;6.0;1.5500000000000007
173;1;ESO;A;111;1;11;0;6.0;2.6000000000000005
173;1;ESO;A;111;2;11;4;5.0;2.8000000000000007
173;1;ESO;A;111;3;11;1;6.0;1.8000000000000007
65;1;BAC;C;213;1;11;0;6.0;2.0
65;1;BAC;C;213;2;10;0;7.0;1.0499999999999998
65;1;BAC;C;213;3;11;0;7.0;1.0
288;2;ESO;B;122;1;12;0;8.5;1.5499999999999998
288;2;ESO;B;122;2;12;0;8.0;1.5499999999999998
288;2;ESO;B;122;3;12;0;8.0;1.5499999999999998
241;1;ESO;C;113;1;11;1;6.0;1.8000000000000007
241;1;ESO;C;113;2;11;6;4.0;2.6000000000000014
241;1;ESO;C;113;3;11;3;6.0;2.6000000000000005
361;3;ESO;B;132;1;13;1;6.0;2.0
361;3;ESO;B;132;2;13;4;5.0;3.0
361;3;ESO;B;132;3;13;0;6.0;2.0
13;1;BAC;A;211;1;11;1;7.0;1.0
13;1;BAC;A;211;2;11;0;6.0;1.0
13;1;BAC;A;211;3;11;0;6.0;1.0
43;1;BAC;B;212;1;11;3;5.0;2.6000000000000005
43;1;BAC;B;212;2;11;3;5.0;1.7999999999999998
43;1;BAC;B;212;3;11;3;6.0;1.7999999999999998
232;1;ESO;C;113;1;11;0;7.0;1.0
232;1;ESO;C;113;2;11;0;8.0;1.0
232;1;ESO;C;113;3;11;0;8.0;0.0
287;2;ESO;B;122;1;12;0;5.5;2.0
287;2;ESO;B;122;2;12;4;5.0;2.0
287;2;ESO;B;122;3;12;2;5.0;1.0
459;4;ESO;B;142;1;12;1;5.5;1.0
459;4;ESO;B;142;2;12;4;5.5;2.0
459;4;ESO;B;142;3;12;2;5.0;1.0
398;3;ESO;C;133;1;13;8;3.0;3.3
398;3;ESO;C;133;2;13;7;4.0;2.0
398;3;ESO;C;133;3;13;6;5.0;1.2999999999999998
198;1;ESO;B;112;1;11;2;6.0;1.0
198;1;ESO;B;112;2;11;1;6.0;1.7999999999999998
198;1;ESO;B;112;3;11;0;6.0;1.0
12;1;BAC;A;211;1;11;0;7.0;1.0
12;1;BAC;A;211;2;11;1;7.0;1.7999999999999998
12;1;BAC;A;211;3;11;0;7.0;2.0
10;1;BAC;A;211;1;11;0;7.0;1.0
10;1;BAC;A;211;2;11;1;7.0;1.8000000000000007
10;1;BAC;A;211;3;11;0;7.0;2.0
235;1;ESO;C;113;1;11;4;5.0;2.6000000000000014
235;1;ESO;C;113;2;11;3;6.0;2.8
235;1;ESO;C;113;3;11;1;6.0;1.0
314;3;ESO;A;131;1;13;2;6.0;2.0
314;3;ESO;A;131;2;13;0;6.0;2.0
314;3;ESO;A;131;3;15;0;6.0;1.8000000000000007
328;3;ESO;D;134;1;9;1;6.0;2.0
328;3;ESO;D;134;2;11;2;6.0;1.8000000000000007
328;3;ESO;D;134;3;13;2;6.0;2.0
296;2;ESO;C;123;1;12;9;2.5;3.5500000000000007
296;2;ESO;C;123;2;12;11;2.0;2.0
296;2;ESO;C;123;3;13;12;1.0;1.3000000000000007
264;2;ESO;A;121;1;12;8;2.5;3.5500000000000007
264;2;ESO;A;121;2;12;10;3.0;2.1000000000000005
264;2;ESO;A;121;3;12;10;2.5;3.0
204;1;ESO;B;112;1;11;0;8.0;1.6000000000000005
204;1;ESO;B;112;2;11;0;8.0;1.0
204;1;ESO;B;112;3;11;0;9.0;1.8000000000000007
306;2;ESO;C;123;1;12;3;5.0;0.5499999999999998
306;2;ESO;C;123;2;12;5;5.0;2.0
306;2;ESO;C;123;3;12;1;5.0;1.0
11;1;BAC;A;211;1;11;0;6.0;1.8000000000000007
11;1;BAC;A;211;2;11;1;6.0;2.0
11;1;BAC;A;211;3;11;0;6.0;2.0
56;1;BAC;C;213;1;10;0;6.0;2.0
56;1;BAC;C;213;2;10;0;6.0;1.0499999999999998
56;1;BAC;C;213;3;10;0;7.0;0.10000000000000053
50;1;BAC;C;213;1;11;1;7.0;2.0
50;1;BAC;C;213;2;11;1;6.0;1.8000000000000007
50;1;BAC;C;213;3;11;0;6.0;0.0
379;3;ESO;C;133;1;13;2;5.0;1.0
379;3;ESO;C;133;2;13;3;5.0;1.2999999999999998
379;3;ESO;C;133;3;13;0;5.0;1.3000000000000007
317;3;ESO;A;131;1;13;0;8.0;2.0
317;3;ESO;A;131;2;13;0;9.0;0.6000000000000014
317;3;ESO;A;131;3;13;0;10.0;1.3000000000000007
187;1;ESO;A;111;1;11;1;6.0;2.6000000000000005
187;1;ESO;A;111;2;11;1;6.0;1.8000000000000007
187;1;ESO;A;111;3;11;0;6.0;1.8000000000000007
303;2;ESO;C;123;1;12;0;9.0;1.0
303;2;ESO;C;123;2;12;0;9.0;1.5500000000000007
303;2;ESO;C;123;3;12;0;9.0;0.5500000000000007
302;2;ESO;C;123;1;12;10;1.5;1.5500000000000007
302;2;ESO;C;123;2;12;10;1.5;2.5500000000000007
302;2;ESO;C;123;3;14;12;2.0;2.0500000000000007
2;1;BAC;A;211;1;11;2;6.0;0.7999999999999998
2;1;BAC;A;211;2;11;0;6.0;3.0
2;1;BAC;A;211;3;11;0;7.0;1.8000000000000007
250;1;ESO;C;113;1;11;0;9.0;1.7999999999999998
250;1;ESO;C;113;2;11;0;9.0;1.0
250;1;ESO;C;113;3;11;0;9.0;0.8000000000000007
432;4;ESO;A;141;1;12;1;7.0;2.0
432;4;ESO;A;141;2;12;0;7.0;1.0
432;4;ESO;A;141;3;12;0;7.0;2.5500000000000007
417;4;ESO;A;141;1;12;0;9.0;1.0
417;4;ESO;A;141;2;12;0;8.0;1.0
417;4;ESO;A;141;3;12;0;9.0;1.5500000000000007
322;3;ESO;A;131;1;13;2;7.0;2.0
322;3;ESO;A;131;2;13;3;7.0;3.3
322;3;ESO;A;131;3;13;0;7.0;2.3
383;3;ESO;A;131;1;13;0;7.0;1.0
383;3;ESO;A;131;2;13;0;8.0;2.0
383;3;ESO;A;131;3;13;0;9.0;1.2999999999999998
192;1;ESO;A;111;1;11;0;6.0;1.7999999999999998
192;1;ESO;A;111;2;11;0;7.0;1.0
192;1;ESO;A;111;3;11;0;6.0;0.8000000000000007
418;4;ESO;A;141;1;12;6;4.5;3.5500000000000007
418;4;ESO;A;141;2;12;6;4.5;2.1000000000000005
418;4;ESO;A;141;3;12;4;5.0;3.1000000000000005
327;3;ESO;A;131;1;13;1;6.0;2.0
327;3;ESO;A;131;2;13;1;6.0;2.0
327;3;ESO;A;131;3;13;0;6.0;1.6000000000000005
323;3;ESO;A;131;1;13;2;6.0;2.3000000000000007
323;3;ESO;A;131;2;13;0;7.0;1.6000000000000005
323;3;ESO;A;131;3;13;0;7.0;2.0
60;1;BAC;C;213;1;10;0;6.0;1.1000000000000005
60;1;BAC;C;213;2;10;0;7.5;2.1000000000000005
60;1;BAC;C;213;3;10;0;8.0;2.0500000000000007
299;2;ESO;C;123;1;12;0;8.0;1.5499999999999998
299;2;ESO;C;123;2;12;0;9.0;1.5500000000000007
299;2;ESO;C;123;3;12;0;9.0;1.0
405;3;ESO;C;133;1;13;7;4.0;2.3000000000000007
405;3;ESO;C;133;2;13;9;4.0;3.3000000000000007
405;3;ESO;C;133;3;13;7;4.0;1.9000000000000004
412;4;ESO;A;141;1;12;0;8.0;1.0
412;4;ESO;A;141;2;12;0;8.0;2.55
412;4;ESO;A;141;3;12;0;9.0;1.5500000000000007
310;2;ESO;C;123;1;12;0;7.0;1.0
310;2;ESO;C;123;2;12;0;6.0;1.5499999999999998
310;2;ESO;C;123;3;12;0;7.0;2.0
215;1;ESO;B;112;1;11;0;6.0;2.0
215;1;ESO;B;112;2;11;0;8.0;1.8000000000000007
215;1;ESO;B;112;3;11;0;8.0;2.0
30;1;BAC;B;212;1;11;5;5.0;2.5999999999999996
30;1;BAC;B;212;2;11;5;5.0;3.0
30;1;BAC;B;212;3;11;5;5.0;2.8
411;4;ESO;A;141;1;12;4;5.0;1.0
411;4;ESO;A;141;2;12;4;5.0;2.0
411;4;ESO;A;141;3;12;1;5.0;1.5500000000000007
277;2;ESO;B;122;1;12;12;1.0;0.0
277;2;ESO;B;122;2;12;12;1.5;3.0
277;2;ESO;B;122;3;14;14;1.0;0.0
419;4;ESO;A;141;1;12;0;8.0;1.0
419;4;ESO;A;141;2;12;0;9.0;1.0
419;4;ESO;A;141;3;12;0;9.0;0.0
466;4;ESO;C;143;1;12;6;5.0;3.55
466;4;ESO;C;143;2;12;5;6.0;3.5500000000000007
466;4;ESO;C;143;3;14;5;5.0;3.05
183;1;ESO;B;112;1;10;10;2.5;1.1000000000000005
183;1;ESO;B;112;2;10;10;1.0;1.0500000000000007
183;1;ESO;B;112;3;10;10;1.5;2.0
385;3;ESO;C;133;1;13;5;5.0;2.3
385;3;ESO;C;133;2;13;6;5.0;2.3000000000000007
385;3;ESO;C;133;3;13;5;5.0;2.3
436;4;ESO;B;142;1;12;0;9.0;1.5500000000000007
436;4;ESO;B;142;2;12;0;9.0;1.5500000000000007
436;4;ESO;B;142;3;12;0;9.5;1.5500000000000007
252;1;ESO;C;113;1;11;0;7.0;2.5999999999999996
252;1;ESO;C;113;2;11;0;7.0;1.7999999999999998
252;1;ESO;C;113;3;11;0;7.0;0.8000000000000007
336;3;ESO;A;131;1;13;2;5.0;2.0
336;3;ESO;A;131;2;13;4;5.0;1.3000000000000007
336;3;ESO;A;131;3;13;2;5.0;1.3000000000000007
380;3;ESO;C;133;1;13;4;5.0;2.6000000000000005
380;3;ESO;C;133;2;13;2;5.0;1.3000000000000007
380;3;ESO;C;133;3;13;2;5.0;1.3000000000000007
212;1;ESO;B;112;1;11;1;7.0;2.0
212;1;ESO;B;112;2;11;1;7.0;1.7999999999999998
212;1;ESO;B;112;3;11;0;7.0;1.0
256;2;ESO;A;121;1;12;0;7.5;1.5499999999999998
256;2;ESO;A;121;2;12;0;7.5;1.0
256;2;ESO;A;121;3;12;0;7.0;2.0
393;3;ESO;C;133;1;13;7;4.0;2.0
393;3;ESO;C;133;2;13;6;5.0;2.0
393;3;ESO;C;133;3;13;1;5.0;0.3000000000000007
478;4;ESO;D;144;1;8;0;7.5;1.0
478;4;ESO;D;144;2;8;0;7.0;1.0999999999999996
478;4;ESO;D;144;3;8;0;8.0;1.0
428;4;ESO;A;141;1;12;7;4.0;2.5500000000000007
428;4;ESO;A;141;2;12;4;5.0;2.0
428;4;ESO;A;141;3;12;4;5.0;3.5500000000000007
178;1;ESO;A;111;1;11;0;6.0;1.7999999999999998
178;1;ESO;A;111;2;11;1;6.0;2.0
178;1;ESO;A;111;3;11;0;6.0;1.7999999999999998
315;3;ESO;A;131;1;13;1;6.0;2.6000000000000014
315;3;ESO;A;131;2;13;2;6.0;2.0
315;3;ESO;A;131;3;13;1;6.0;2.3000000000000007
195;1;ESO;A;111;1;11;2;6.0;1.6000000000000005
195;1;ESO;A;111;2;11;3;5.0;1.7999999999999998
195;1;ESO;A;111;3;11;0;6.0;0.7999999999999998
390;3;ESO;C;133;1;13;1;6.0;2.0
390;3;ESO;C;133;2;13;1;7.0;2.0
390;3;ESO;C;133;3;13;0;7.0;2.0
34;1;BAC;B;212;1;11;4;5.0;2.8
34;1;BAC;B;212;2;11;6;4.0;3.0
34;1;BAC;B;212;3;11;3;5.0;4.2
429;4;ESO;A;141;1;12;4;5.0;3.1000000000000005
429;4;ESO;A;141;2;12;4;5.0;2.55
429;4;ESO;A;141;3;12;2;5.5;2.0
248;1;ESO;C;113;1;10;3;5.5;2.0
248;1;ESO;C;113;2;10;0;6.0;1.1000000000000014
248;1;ESO;C;113;3;10;1;6.0;2.0
217;1;ESO;C;113;1;11;7;4.0;2.0
217;1;ESO;C;113;2;11;4;5.0;2.0
217;1;ESO;C;113;3;11;1;5.0;1.0
266;2;ESO;A;121;1;12;5;5.0;2.0
266;2;ESO;A;121;2;12;5;5.0;2.1000000000000005
266;2;ESO;A;121;3;12;6;4.5;2.0
408;3;ESO;C;133;1;13;3;6.0;1.6000000000000005
408;3;ESO;C;133;2;13;3;6.0;1.2999999999999998
408;3;ESO;C;133;3;13;1;6.0;1.3000000000000007
55;1;BAC;C;213;1;11;5;5.0;2.8000000000000007
55;1;BAC;C;213;2;10;3;5.0;5.05
55;1;BAC;C;213;3;11;0;6.0;2.0
481;4;ESO;D;144;1;8;2;5.5;2.55
481;4;ESO;D;144;2;8;1;5.0;2.0999999999999996
481;4;ESO;D;144;3;8;0;5.0;1.5499999999999998
343;3;ESO;A;131;1;13;0;8.0;2.0
343;3;ESO;A;131;2;13;0;8.0;2.0
343;3;ESO;A;131;3;13;0;8.0;2.0
441;4;ESO;B;142;1;12;3;5.0;2.1000000000000005
441;4;ESO;B;142;2;12;3;5.0;3.0999999999999996
441;4;ESO;B;142;3;13;3;5.0;2.5999999999999996
225;1;ESO;C;113;1;11;0;7.0;0.8000000000000007
225;1;ESO;C;113;2;11;0;7.0;0.7999999999999998
225;1;ESO;C;113;3;11;0;7.0;0.8000000000000007
479;4;ESO;D;144;1;8;0;7.0;3.1000000000000005
479;4;ESO;D;144;2;8;0;7.0;1.0999999999999996
479;4;ESO;D;144;3;8;0;7.0;1.5499999999999998
218;1;ESO;B;112;1;11;0;7.0;0.7999999999999998
218;1;ESO;B;112;2;11;0;7.0;1.8000000000000007
218;1;ESO;B;112;3;11;0;7.0;1.8000000000000007
316;3;ESO;A;131;1;13;0;9.0;1.0
316;3;ESO;A;131;2;13;0;9.0;2.0
316;3;ESO;A;131;3;13;0;9.0;1.0
197;1;ESO;B;112;1;11;2;5.0;1.8000000000000007
197;1;ESO;B;112;2;11;2;6.0;1.8000000000000007
197;1;ESO;B;112;3;11;0;6.0;1.8000000000000007
388;3;ESO;C;133;1;13;4;5.0;2.6000000000000005
388;3;ESO;C;133;2;13;5;6.0;2.0
388;3;ESO;C;133;3;13;4;6.0;3.0
439;4;ESO;B;142;1;12;2;6.0;2.5500000000000007
439;4;ESO;B;142;2;12;1;6.0;2.1000000000000005
439;4;ESO;B;142;3;12;0;7.0;2.55
454;4;ESO;B;142;1;12;3;6.0;2.55
454;4;ESO;B;142;2;12;1;5.5;2.0
454;4;ESO;B;142;3;12;0;6.0;1.5499999999999998
298;2;ESO;C;123;1;12;0;7.0;2.0
298;2;ESO;C;123;2;12;0;8.0;1.5500000000000007
298;2;ESO;C;123;3;12;0;7.5;1.0
297;2;ESO;C;123;1;12;0;6.0;1.5499999999999998
297;2;ESO;C;123;2;12;0;6.0;1.0
297;2;ESO;C;123;3;12;0;6.0;1.0
373;3;ESO;B;132;1;13;0;8.0;1.3000000000000007
373;3;ESO;B;132;2;13;0;6.0;2.3000000000000007
373;3;ESO;B;132;3;13;0;7.0;2.3000000000000007
401;3;ESO;C;133;1;13;4;6.0;2.0
401;3;ESO;C;133;2;13;2;6.0;2.0
401;3;ESO;C;133;3;13;1;6.0;2.0
399;3;ESO;C;133;1;13;5;5.0;2.0
399;3;ESO;C;133;2;13;6;5.0;1.3000000000000007
399;3;ESO;C;133;3;13;3;5.0;0.6000000000000005
220;1;ESO;B;112;1;10;2;6.0;2.0999999999999996
220;1;ESO;B;112;2;10;0;6.0;1.1000000000000005
220;1;ESO;B;112;3;10;0;6.0;2.0
199;1;ESO;B;112;1;11;0;9.0;1.0
199;1;ESO;B;112;2;11;0;8.0;1.0
199;1;ESO;B;112;3;11;0;9.0;0.0
446;4;ESO;B;142;1;12;4;5.0;2.55
446;4;ESO;B;142;2;12;6;4.5;2.55
446;4;ESO;B;142;3;12;3;5.0;2.0999999999999996
223;1;ESO;B;112;1;10;7;4.0;1.1000000000000005
223;1;ESO;B;112;2;10;3;5.0;2.1000000000000014
223;1;ESO;B;112;3;10;3;5.0;2.05
409;4;ESO;A;141;1;12;1;7.0;1.0
409;4;ESO;A;141;2;12;1;8.0;2.0
409;4;ESO;A;141;3;12;0;8.0;1.5500000000000007
265;2;ESO;A;121;1;12;0;6.0;2.0
265;2;ESO;A;121;2;12;1;5.5;2.5500000000000007
265;2;ESO;A;121;3;12;0;6.0;2.5500000000000007
386;3;ESO;C;133;1;13;0;7.0;2.0
386;3;ESO;C;133;2;13;0;8.0;1.2999999999999998
386;3;ESO;C;133;3;13;0;7.0;1.0
267;2;ESO;A;121;1;12;0;7.0;2.0
267;2;ESO;A;121;2;12;0;7.5;2.0
267;2;ESO;A;121;3;12;0;7.5;2.0
28;1;BAC;A;211;1;11;4;5.0;1.8000000000000007
28;1;BAC;A;211;2;11;4;5.0;2.6000000000000014
28;1;BAC;A;211;3;11;2;5.0;2.6000000000000014
407;3;ESO;C;133;1;13;1;6.0;2.0
407;3;ESO;C;133;2;13;0;6.0;1.2999999999999998
407;3;ESO;C;133;3;13;0;6.0;1.3000000000000007
176;1;ESO;A;111;1;11;1;5.0;1.6000000000000014
176;1;ESO;A;111;2;11;5;5.0;4.400000000000002
176;1;ESO;A;111;3;11;0;6.0;3.6000000000000014
271;2;ESO;A;121;1;12;0;7.0;2.0
271;2;ESO;A;121;2;12;0;6.5;2.0
271;2;ESO;A;121;3;12;0;6.5;1.5500000000000007
353;3;ESO;B;132;1;13;8;4.0;2.3000000000000007
353;3;ESO;B;132;2;13;11;3.0;2.0
353;3;ESO;B;132;3;14;7;4.5;2.0500000000000007
196;1;ESO;B;112;1;11;4;5.0;1.0
196;1;ESO;B;112;2;11;3;5.0;2.6000000000000005
196;1;ESO;B;112;3;11;0;6.0;1.8000000000000007
342;3;ESO;A;131;1;13;3;6.0;2.6000000000000005
342;3;ESO;A;131;2;13;1;7.0;1.3000000000000007
342;3;ESO;A;131;3;13;1;7.0;1.3000000000000007
189;1;ESO;A;111;1;11;0;9.0;1.0
189;1;ESO;A;111;2;11;0;9.0;0.8000000000000007
189;1;ESO;A;111;3;11;0;9.0;1.6000000000000014
258;2;ESO;A;121;1;12;5;5.0;2.55
258;2;ESO;A;121;2;12;3;5.0;2.1000000000000005
258;2;ESO;A;121;3;12;2;6.0;1.5500000000000007
397;3;ESO;C;133;1;13;10;4.0;1.6000000000000005
397;3;ESO;C;133;2;13;7;4.0;2.3000000000000007
397;3;ESO;C;133;3;14;7;4.5;2.05
228;1;ESO;C;113;1;10;6;3.5;2.05
228;1;ESO;C;113;2;10;4;5.0;2.1000000000000005
228;1;ESO;C;113;3;10;3;5.0;2.1000000000000005
483;3;ESO;C;133;1;13;0;7.0;2.3000000000000007
483;3;ESO;C;133;2;13;2;7.0;2.6000000000000005
483;3;ESO;C;133;3;13;0;7.0;2.0
447;4;ESO;B;142;1;12;4;5.0;2.1000000000000005
447;4;ESO;B;142;2;12;5;5.0;2.55
447;4;ESO;B;142;3;12;5;5.0;1.5500000000000007
321;3;ESO;D;134;1;9;1;6.0;2.3
321;3;ESO;D;134;2;9;2;6.0;2.5999999999999996
321;3;ESO;D;134;3;9;1;7.0;1.2999999999999998
406;3;ESO;C;133;1;13;2;6.0;2.0
406;3;ESO;C;133;2;13;1;6.0;2.0
406;3;ESO;C;133;3;13;0;6.0;1.3000000000000007
414;4;ESO;A;141;1;12;7;3.0;2.55
414;4;ESO;A;141;2;12;5;5.0;3.1000000000000005
414;4;ESO;A;141;3;13;4;5.0;1.6000000000000005
7;1;BAC;A;211;1;11;6;4.0;4.6000000000000005
7;1;BAC;A;211;2;11;6;4.0;2.8
7;1;BAC;A;211;3;11;5;5.0;4.600000000000001
245;1;ESO;C;113;1;11;0;7.0;2.0
245;1;ESO;C;113;2;11;0;8.0;1.8000000000000007
245;1;ESO;C;113;3;11;0;8.0;1.0
8;1;BAC;A;211;1;11;2;5.0;1.8000000000000007
8;1;BAC;A;211;2;11;6;4.0;1.8000000000000007
8;1;BAC;A;211;3;11;2;5.0;2.0
434;4;ESO;B;142;1;12;0;7.5;2.1000000000000005
434;4;ESO;B;142;2;12;0;7.5;1.5500000000000007
434;4;ESO;B;142;3;12;0;8.0;2.5500000000000007
348;3;ESO;B;132;1;13;2;6.0;1.3000000000000007
348;3;ESO;B;132;2;13;3;5.0;2.3
348;3;ESO;B;132;3;14;2;5.5;2.0500000000000007
334;3;ESO;D;134;1;9;1;6.0;0.5999999999999996
334;3;ESO;D;134;2;10;3;5.5;3.0500000000000007
334;3;ESO;D;134;3;11;1;5.0;2.0
63;1;BAC;C;213;1;10;10;0.0;0.0
63;1;BAC;C;213;2;10;10;0.0;0.0
63;1;BAC;C;213;3;10;7;0.0;5.150000000000002
452;4;ESO;B;142;1;12;0;7.5;2.55
452;4;ESO;B;142;2;12;0;8.0;1.0
452;4;ESO;B;142;3;12;0;8.0;1.0
64;1;BAC;C;213;1;11;0;6.0;1.0
64;1;BAC;C;213;2;10;0;6.5;2.0500000000000007
64;1;BAC;C;213;3;11;0;7.0;1.0
461;4;ESO;C;143;1;12;3;5.5;3.0999999999999996
461;4;ESO;C;143;2;12;3;5.0;2.6500000000000012
461;4;ESO;C;143;3;12;1;6.0;2.0
191;1;ESO;A;111;1;11;0;7.0;1.0
191;1;ESO;A;111;2;11;0;7.0;2.0
191;1;ESO;A;111;3;11;0;8.0;1.0
35;1;BAC;B;212;1;11;3;6.0;2.6000000000000005
35;1;BAC;B;212;2;11;1;5.0;1.0
35;1;BAC;B;212;3;11;1;5.0;1.0
370;3;ESO;B;132;1;13;0;9.0;0.3000000000000007
370;3;ESO;B;132;2;13;0;9.0;0.3000000000000007
370;3;ESO;B;132;3;13;0;10.0;1.0
4;1;BAC;A;211;1;11;3;5.0;2.8
4;1;BAC;A;211;2;11;5;5.0;2.0
4;1;BAC;A;211;3;11;3;5.0;1.7999999999999998
224;1;ESO;B;112;1;11;1;7.0;1.8000000000000007
224;1;ESO;B;112;2;11;0;6.0;1.0
224;1;ESO;B;112;3;11;0;7.0;0.0
377;3;ESO;B;132;1;13;5;6.0;3.0
377;3;ESO;B;132;2;13;4;5.0;2.3000000000000007
377;3;ESO;B;132;3;14;2;6.0;2.0
448;4;ESO;B;142;1;12;0;7.0;0.5499999999999998
448;4;ESO;B;142;2;12;1;7.0;3.0
448;4;ESO;B;142;3;12;0;7.0;2.5500000000000007
404;3;ESO;C;133;1;13;4;5.0;3.0
404;3;ESO;C;133;2;13;4;5.0;2.6000000000000005
404;3;ESO;C;133;3;14;3;5.0;1.1499999999999995
249;1;ESO;C;113;1;11;0;7.0;1.7999999999999998
249;1;ESO;C;113;2;11;0;8.0;1.7999999999999998
249;1;ESO;C;113;3;11;0;8.0;1.0
203;1;ESO;B;112;1;11;1;7.0;2.6000000000000005
203;1;ESO;B;112;2;11;3;7.0;4.8
203;1;ESO;B;112;3;11;0;7.0;2.0
257;2;ESO;A;121;1;12;3;6.0;2.1000000000000005
257;2;ESO;A;121;2;12;3;5.0;2.1000000000000005
257;2;ESO;A;121;3;12;0;6.0;1.5500000000000007
246;1;ESO;C;113;1;10;2;5.5;2.05
246;1;ESO;C;113;2;10;0;6.0;2.0
246;1;ESO;C;113;3;10;0;6.0;1.0
371;3;ESO;B;132;1;13;6;5.0;3.3000000000000007
371;3;ESO;B;132;2;13;5;5.0;1.3000000000000007
371;3;ESO;B;132;3;13;2;5.0;1.3000000000000007
423;4;ESO;A;141;1;12;1;6.0;2.5500000000000007
423;4;ESO;A;141;2;12;1;6.0;1.5500000000000007
423;4;ESO;A;141;3;12;0;6.5;1.0
1;1;BAC;A;211;1;11;2;7.0;1.0
1;1;BAC;A;211;2;11;1;7.0;3.6000000000000005
1;1;BAC;A;211;3;11;0;6.0;2.6000000000000005
356;3;ESO;B;132;1;13;0;9.0;1.3000000000000007
356;3;ESO;B;132;2;13;0;9.0;1.0
356;3;ESO;B;132;3;13;0;9.0;1.0
416;4;ESO;A;141;1;12;1;6.0;2.0
416;4;ESO;A;141;2;12;2;6.0;3.0
416;4;ESO;A;141;3;12;0;6.0;4.0
244;1;ESO;C;113;1;10;7;3.0;2.1500000000000012
244;1;ESO;C;113;2;10;5;4.5;2.0500000000000007
244;1;ESO;C;113;3;10;6;3.5;2.0
451;4;ESO;B;142;1;12;0;8.0;1.5499999999999998
451;4;ESO;B;142;2;12;2;7.0;3.0
451;4;ESO;B;142;3;12;0;7.0;2.5500000000000007
455;4;ESO;B;142;1;12;8;4.0;2.0
455;4;ESO;B;142;2;12;6;4.0;3.1000000000000005
455;4;ESO;B;142;3;14;9;4.0;2.0500000000000007
375;3;ESO;B;132;1;13;2;6.0;1.2999999999999998
375;3;ESO;B;132;2;13;1;7.0;1.6000000000000005
375;3;ESO;B;132;3;13;0;6.0;2.3
45;1;BAC;B;212;1;11;6;3.0;2.0
45;1;BAC;B;212;2;11;8;3.0;3.6000000000000005
45;1;BAC;B;212;3;11;6;4.0;3.8
476;4;ESO;C;143;1;12;3;5.0;2.0999999999999996
476;4;ESO;C;143;2;12;3;6.0;3.1000000000000005
476;4;ESO;C;143;3;13;1;6.0;1.2999999999999998
276;2;ESO;B;122;1;12;6;4.0;3.0
276;2;ESO;B;122;2;12;8;3.5;2.55
276;2;ESO;B;122;3;12;5;5.0;2.0
26;1;BAC;A;211;1;11;0;9.0;1.7999999999999998
26;1;BAC;A;211;2;11;0;8.0;1.0
26;1;BAC;A;211;3;11;0;9.0;0.0
344;3;ESO;A;131;1;13;6;5.0;3.3000000000000007
344;3;ESO;A;131;2;13;6;5.0;2.0
344;3;ESO;A;131;3;14;5;5.0;2.05
211;1;ESO;B;112;1;11;6;4.0;4.0
211;1;ESO;B;112;2;11;5;5.0;4.8
211;1;ESO;B;112;3;11;6;4.0;4.0
486;1;BAC;B;212;1;11;10;1.0;2.8000000000000007
486;1;BAC;B;212;2;11;10;0.0;0.8000000000000007
486;1;BAC;B;212;3;11;11;0.0;0.0
170;1;ESO;A;111;1;11;9;3.0;1.8000000000000007
170;1;ESO;A;111;2;11;8;2.0;2.8000000000000007
170;1;ESO;A;111;3;11;7;3.0;3.0
319;3;ESO;A;131;1;13;7;4.0;2.3
319;3;ESO;A;131;2;13;4;5.0;2.3000000000000007
319;3;ESO;A;131;3;13;4;5.0;2.3000000000000007
186;1;ESO;A;111;1;11;0;7.0;0.7999999999999998
186;1;ESO;A;111;2;11;0;7.0;1.0
186;1;ESO;A;111;3;11;0;8.0;1.0
243;1;ESO;C;113;1;11;0;7.0;1.0
243;1;ESO;C;113;2;11;0;8.0;1.6000000000000005
243;1;ESO;C;113;3;11;0;8.0;0.7999999999999998
293;2;ESO;C;123;1;12;6;4.5;3.55
293;2;ESO;C;123;2;12;7;3.5;3.0
293;2;ESO;C;123;3;12;7;4.0;3.0
278;2;ESO;B;122;1;12;0;7.5;1.5499999999999998
278;2;ESO;B;122;2;12;0;8.0;1.5500000000000007
278;2;ESO;B;122;3;12;0;8.0;1.0
33;1;BAC;B;212;1;11;3;6.0;2.8
33;1;BAC;B;212;2;11;3;6.0;2.8
33;1;BAC;B;212;3;11;1;6.0;2.0
484;1;ESO;B;112;1;10;7;2.5;3.05
484;1;ESO;B;112;2;10;6;3.0;3.05
484;1;ESO;B;112;3;10;7;2.5;3.05
213;1;ESO;B;112;1;10;7;4.0;2.0
213;1;ESO;B;112;2;10;6;4.0;2.1500000000000012
213;1;ESO;B;112;3;10;5;4.5;2.0
177;1;ESO;A;111;1;11;0;6.0;1.8000000000000007
177;1;ESO;A;111;2;11;2;6.0;1.8000000000000007
177;1;ESO;A;111;3;11;1;6.0;1.0
262;2;ESO;A;121;1;12;4;5.5;3.0
262;2;ESO;A;121;2;12;0;7.0;1.0
262;2;ESO;A;121;3;12;0;6.0;1.0
208;1;ESO;B;112;1;11;0;9.0;1.6000000000000014
208;1;ESO;B;112;2;11;0;9.0;0.0
208;1;ESO;B;112;3;11;0;10.0;1.0
381;3;ESO;C;133;1;13;6;5.0;3.6000000000000005
381;3;ESO;C;133;2;13;6;5.0;3.6000000000000005
381;3;ESO;C;133;3;14;9;4.0;4.0
251;1;ESO;C;113;1;11;0;7.0;1.0
251;1;ESO;C;113;2;11;0;7.0;1.7999999999999998
251;1;ESO;C;113;3;11;0;7.0;0.7999999999999998
31;1;BAC;B;212;1;11;8;3.0;3.6000000000000005
31;1;BAC;B;212;2;11;9;1.0;2.6000000000000014
31;1;BAC;B;212;3;11;9;1.0;2.6000000000000014
424;4;ESO;A;141;1;12;7;4.0;4.55
424;4;ESO;A;141;2;12;8;4.0;3.1000000000000005
424;4;ESO;A;141;3;12;6;4.5;2.5500000000000007
15;1;BAC;A;211;1;11;0;8.0;2.6000000000000005
15;1;BAC;A;211;2;11;1;7.0;0.7999999999999998
15;1;BAC;A;211;3;11;0;7.0;1.0
46;1;BAC;B;212;1;11;1;6.0;3.0
46;1;BAC;B;212;2;11;1;7.0;2.0
46;1;BAC;B;212;3;11;0;7.0;2.6000000000000005
171;1;ESO;A;111;1;11;0;7.0;1.8000000000000007
171;1;ESO;A;111;2;11;0;7.0;3.0
171;1;ESO;A;111;3;11;0;7.0;2.8000000000000007
242;1;ESO;C;113;1;11;3;5.0;2.6000000000000005
242;1;ESO;C;113;2;11;1;6.0;1.8000000000000007
242;1;ESO;C;113;3;11;1;6.0;1.8000000000000007
301;2;ESO;C;123;1;12;0;8.0;2.0
301;2;ESO;C;123;2;12;0;8.0;1.5500000000000007
301;2;ESO;C;123;3;12;0;8.0;1.0
308;2;ESO;C;123;1;12;5;5.0;2.6500000000000004
308;2;ESO;C;123;2;12;7;4.0;3.0
308;2;ESO;C;123;3;12;6;4.5;2.55
255;2;ESO;A;121;1;12;0;6.0;1.0
255;2;ESO;A;121;2;12;0;6.0;2.0
255;2;ESO;A;121;3;12;0;6.0;2.0
460;4;ESO;B;142;1;12;3;5.5;1.5499999999999998
460;4;ESO;B;142;2;12;1;6.0;2.0
460;4;ESO;B;142;3;12;0;6.0;2.0
210;1;ESO;B;112;1;11;0;8.0;1.0
210;1;ESO;B;112;2;11;0;8.0;1.7999999999999998
210;1;ESO;B;112;3;11;0;8.0;2.0
44;1;BAC;B;212;1;11;0;7.0;1.0
44;1;BAC;B;212;2;11;0;8.0;1.7999999999999998
44;1;BAC;B;212;3;11;0;8.0;1.0
273;2;ESO;B;122;1;12;4;5.0;3.5500000000000007
273;2;ESO;B;122;2;12;2;6.0;1.5500000000000007
273;2;ESO;B;122;3;12;2;5.5;1.5500000000000007
200;1;ESO;B;112;1;10;7;4.0;2.0
200;1;ESO;B;112;2;10;7;3.5;2.0
200;1;ESO;B;112;3;10;5;4.5;2.0
182;1;ESO;A;111;1;11;7;4.0;1.0
182;1;ESO;A;111;2;11;4;5.0;1.0
182;1;ESO;A;111;3;11;2;5.0;1.0
458;4;ESO;B;142;1;12;7;4.0;3.0
458;4;ESO;B;142;2;12;7;4.0;1.0
458;4;ESO;B;142;3;12;5;5.0;2.5500000000000007
326;3;ESO;D;134;1;9;3;5.0;2.0
326;3;ESO;D;134;2;9;2;5.0;1.2999999999999998
326;3;ESO;D;134;3;9;0;6.0;2.0
333;3;ESO;A;131;1;13;0;8.0;2.6000000000000005
333;3;ESO;A;131;2;13;1;8.0;1.6000000000000005
333;3;ESO;A;131;3;13;0;8.0;2.0
431;4;ESO;A;141;1;12;1;7.0;1.5499999999999998
431;4;ESO;A;141;2;12;0;7.0;2.55
431;4;ESO;A;141;3;12;0;7.5;1.5499999999999998
470;4;ESO;B;142;1;12;7;3.5;3.5500000000000007
470;4;ESO;B;142;2;13;11;3.0;2.0
470;4;ESO;B;142;3;16;16;1.0;0.0
38;1;BAC;B;212;1;11;2;7.0;1.0
38;1;BAC;B;212;2;11;1;6.0;3.8000000000000007
38;1;BAC;B;212;3;11;0;6.0;3.0
59;1;BAC;C;213;1;10;6;4.0;2.0
59;1;BAC;C;213;2;10;4;5.0;2.05
59;1;BAC;C;213;3;10;5;4.5;3.0999999999999996
19;1;BAC;A;211;1;11;3;7.0;2.8
19;1;BAC;A;211;2;11;5;5.0;1.8000000000000007
19;1;BAC;A;211;3;11;1;5.0;1.0
304;2;ESO;C;123;1;12;1;6.0;2.0
304;2;ESO;C;123;2;12;1;6.0;1.5500000000000007
304;2;ESO;C;123;3;12;0;6.5;2.0
433;4;ESO;A;141;1;12;0;9.0;1.5499999999999998
433;4;ESO;A;141;2;12;0;9.0;1.0
433;4;ESO;A;141;3;12;0;9.0;2.0
349;3;ESO;B;132;1;13;2;6.0;2.0
349;3;ESO;B;132;2;13;3;5.0;2.3
349;3;ESO;B;132;3;13;0;6.0;2.3000000000000007
238;1;ESO;C;113;1;11;0;8.0;2.0
238;1;ESO;C;113;2;11;0;7.0;2.0
238;1;ESO;C;113;3;11;0;8.0;2.8
219;1;ESO;B;112;1;11;9;4.0;1.0
219;1;ESO;B;112;2;11;7;4.0;1.7999999999999998
219;1;ESO;B;112;3;11;4;5.0;1.0
231;1;ESO;C;113;1;10;6;4.0;2.0
231;1;ESO;C;113;2;10;5;4.5;2.1000000000000014
231;1;ESO;C;113;3;10;5;4.5;1.1500000000000004
426;4;ESO;A;141;1;12;3;6.0;2.1000000000000005
426;4;ESO;A;141;2;12;1;6.0;2.0
426;4;ESO;A;141;3;12;0;7.0;1.0
36;1;BAC;B;212;1;11;7;4.0;3.5999999999999996
36;1;BAC;B;212;2;11;4;5.0;3.8000000000000007
36;1;BAC;B;212;3;11;4;5.0;3.8
378;3;ESO;B;132;1;13;4;5.0;2.3000000000000007
378;3;ESO;B;132;2;13;4;5.0;1.3000000000000007
378;3;ESO;B;132;3;13;2;5.0;0.3000000000000007
347;3;ESO;B;132;1;13;4;6.0;3.3
347;3;ESO;B;132;2;13;3;6.0;1.6000000000000005
347;3;ESO;B;132;3;14;4;6.0;4.050000000000001
415;4;ESO;A;141;1;12;0;6.0;1.5500000000000007
415;4;ESO;A;141;2;12;0;7.0;1.0
415;4;ESO;A;141;3;12;0;7.0;1.5500000000000007
168;1;ESO;A;111;1;11;2;5.0;1.0
168;1;ESO;A;111;2;11;6;4.0;1.0
168;1;ESO;A;111;3;11;0;5.0;0.8000000000000007
54;1;BAC;C;213;1;11;5;5.0;2.0
54;1;BAC;C;213;2;10;4;5.0;2.0500000000000007
54;1;BAC;C;213;3;11;1;5.0;1.8000000000000007
172;1;ESO;A;111;1;11;0;7.0;1.6000000000000005
172;1;ESO;A;111;2;11;0;6.0;1.0
172;1;ESO;A;111;3;11;0;6.0;2.8000000000000007
22;1;BAC;A;211;1;10;0;7.0;3.05
22;1;BAC;A;211;2;10;0;6.5;2.0500000000000007
22;1;BAC;A;211;3;10;0;7.0;2.0500000000000007
480;4;ESO;D;144;1;8;0;6.0;2.0
480;4;ESO;D;144;2;8;0;6.0;2.0
480;4;ESO;D;144;3;8;0;6.5;1.0
184;1;ESO;A;111;1;11;0;7.0;1.7999999999999998
184;1;ESO;A;111;2;11;0;7.0;2.8
184;1;ESO;A;111;3;11;0;7.0;2.4000000000000004
485;3;ESO;C;133;1;13;1;6.0;1.3000000000000007
485;3;ESO;C;133;2;13;1;6.0;1.6000000000000014
485;3;ESO;C;133;3;13;0;6.0;2.0
337;3;ESO;A;131;1;13;5;6.0;4.300000000000001
337;3;ESO;A;131;2;13;3;6.0;1.6000000000000005
337;3;ESO;A;131;3;13;3;6.0;3.3
489;1;BAC;B;212;1;10;5;4.5;3.0999999999999996
489;1;BAC;B;212;2;10;4;5.0;3.05
489;1;BAC;B;212;3;10;3;5.0;4.05
382;3;ESO;C;133;1;13;0;7.0;2.3
382;3;ESO;C;133;2;13;0;6.0;3.3000000000000007
382;3;ESO;C;133;3;13;0;6.0;2.0
283;2;ESO;B;122;1;12;0;8.0;1.5499999999999998
283;2;ESO;B;122;2;12;0;8.5;1.5499999999999998
283;2;ESO;B;122;3;12;0;9.0;1.0
400;3;ESO;C;133;1;13;1;7.0;2.3
400;3;ESO;C;133;2;13;3;6.0;2.3
400;3;ESO;C;133;3;13;2;6.0;2.3000000000000007
329;3;ESO;D;134;1;9;3;7.0;3.3
329;3;ESO;D;134;2;9;3;6.0;4.0
329;3;ESO;D;134;3;9;2;6.0;1.8999999999999995
330;3;ESO;A;131;1;13;7;4.0;3.6000000000000005
330;3;ESO;A;131;2;13;5;5.0;2.0
330;3;ESO;A;131;3;15;7;5.0;1.7999999999999998
66;1;BAC;C;213;1;10;1;7.0;2.0
66;1;BAC;C;213;2;10;0;6.0;2.0
66;1;BAC;C;213;3;10;0;7.5;2.0
335;3;ESO;A;131;1;13;9;3.0;2.3000000000000007
335;3;ESO;A;131;2;13;4;5.0;2.5999999999999996
335;3;ESO;A;131;3;15;6;5.0;1.0
194;1;ESO;A;111;1;11;8;3.0;1.8000000000000007
194;1;ESO;A;111;2;11;9;3.0;2.0
194;1;ESO;A;111;3;11;6;4.0;1.7999999999999998
21;1;BAC;A;211;1;10;1;7.0;1.0499999999999998
21;1;BAC;A;211;2;10;1;6.0;2.1000000000000005
21;1;BAC;A;211;3;10;0;7.0;2.0
9;1;BAC;A;211;1;10;4;5.0;2.0500000000000007
9;1;BAC;A;211;2;10;5;4.5;3.1500000000000012
9;1;BAC;A;211;3;10;4;5.0;1.1500000000000012
18;1;BAC;A;211;1;11;0;8.0;2.0
18;1;BAC;A;211;2;11;0;8.0;0.8000000000000007
18;1;BAC;A;211;3;11;0;9.0;0.8000000000000007
389;3;ESO;C;133;1;13;1;7.0;2.0
389;3;ESO;C;133;2;13;0;8.0;1.2999999999999998
389;3;ESO;C;133;3;13;0;7.0;2.3000000000000007
359;3;ESO;B;132;1;13;0;7.0;1.0
359;3;ESO;B;132;2;13;0;7.0;2.0
359;3;ESO;B;132;3;13;0;7.0;1.0
62;1;BAC;C;213;1;11;3;6.0;1.7999999999999998
62;1;BAC;C;213;2;10;3;5.0;2.05
62;1;BAC;C;213;3;11;1;5.0;1.0
