<?xml version="1.0" encoding="UTF-8"?>
<!-- This package has been created with Moodle 3.3.9+ (Build: 20190201) (2017051509.03) http://moodle.org/, Book module version 2017051500 - https://github.com/skodak/moodle-mod_book -->
<!-- One idea and implementation by Eloy Lafuente (stronk7) and Antonio Vicent (C) 2001-3001 -->
<manifest xmlns="http://www.imsglobal.org/xsd/imscp_v1p1" xmlns:imsmd="http://www.imsglobal.org/xsd/imsmd_v1p2" xmlns:xsi="http://www.w3.org/2001/XMLSchema-instance" identifier="MANIFEST-110c5886c349a1fcd9b93a4b4d032153" xsi:schemaLocation="http://www.imsglobal.org/xsd/imscp_v1p1 imscp_v1p1.xsd http://www.imsglobal.org/xsd/imsmd_v1p2 imsmd_v1p2p2.xsd">
  <organizations default="MOODLE-515-58">
    <organization identifier="MOODLE-515-58" structure="hierarchical">
      <title>Xestion avaliación competencias</title>
        <item identifier="ITEM-515-58-1" isvisible="true" identifierref="RES-515-58-1">
         <title>Introducción</title>
        </item>
        <item identifier="ITEM-515-58-2" isvisible="true" identifierref="RES-515-58-2">
         <title>Recollida da información</title>
          <item identifier="ITEM-515-58-3" isvisible="true" identifierref="RES-515-58-3">
           <title>Introdución da información</title>
          </item>
          <item identifier="ITEM-515-58-4" isvisible="true" identifierref="RES-515-58-4">
           <title>Consideracións sobre as calificacións competenciais</title>
          </item>
        </item>
        <item identifier="ITEM-515-58-5" isvisible="true" identifierref="RES-515-58-5">
         <title>Cálculo valores globais</title>
          <item identifier="ITEM-515-58-6" isvisible="true" identifierref="RES-515-58-6">
           <title>Folla de cálculo</title>
          </item>
          <item identifier="ITEM-515-58-7" isvisible="true" identifierref="RES-515-58-7">
           <title>Proceso por lotes</title>
          </item>
        </item>
    </organization>
  </organizations>
  <resources>
    <resource identifier="RES-515-58-1" type="webcontent" xml:base="1/" href="index.html">
      <file href="1/index.html" />
      <file href="1/competencias-nota_opt.html" />
      <file href="1/Perfis_competenciais_opt.ods" />
      <dependency identifierref="RES-515-58-css" />
    </resource>
    <resource identifier="RES-515-58-2" type="webcontent" xml:base="2/" href="index.html">
      <file href="2/index.html" />
      <file href="2/Plantilla_BD.zip" />
      <dependency identifierref="RES-515-58-css" />
    </resource>
    <resource identifier="RES-515-58-3" type="webcontent" xml:base="3/" href="index.html">
      <file href="3/index.html" />
      <file href="3/entrada_BD_competencias.jpg" />
      <file href="3/gardar.jpg" />
      <file href="3/titorias_BD.jpg" />
      <dependency identifierref="RES-515-58-css" />
    </resource>
    <resource identifier="RES-515-58-4" type="webcontent" xml:base="4/" href="index.html">
      <file href="4/index.html" />
      <file href="4/competencias-nota_opt.html" />
      <dependency identifierref="RES-515-58-css" />
    </resource>
    <resource identifier="RES-515-58-5" type="webcontent" xml:base="5/" href="index.html">
      <file href="5/index.html" />
      <file href="5/Perfis_competenciais_opt.ods" />
      <dependency identifierref="RES-515-58-css" />
    </resource>
    <resource identifier="RES-515-58-6" type="webcontent" xml:base="6/" href="index.html">
      <file href="6/index.html" />
      <file href="6/calculo_competencias.ods" />
      <file href="6/calculo_competencias.ots" />
      <dependency identifierref="RES-515-58-css" />
    </resource>
    <resource identifier="RES-515-58-7" type="webcontent" xml:base="7/" href="index.html">
      <file href="7/index.html" />
      <dependency identifierref="RES-515-58-css" />
    </resource>
    <resource identifier="RES-515-58-css" type="webcontent" xml:base="css/" href="styles.css">
      <file href="css/styles.css" />
    </resource>
  </resources>
</manifest>
